<?xml version="1.0" encoding="UTF-8"?>
{auto_gen_header}
<project xmlns:xsi="http://www.w3.org/2001/XMLSchema-instance"
         xmlns="http://maven.apache.org/POM/4.0.0"
         xsi:schemaLocation="http://maven.apache.org/POM/4.0.0 http://maven.apache.org/maven-v4_0_0.xsd">
    <parent>
        <groupId>org.ray</groupId>
        <artifactId>ray-superpom</artifactId>
        <version>0.1-SNAPSHOT</version>
    </parent>
    <modelVersion>4.0.0</modelVersion>

    <artifactId>streaming</artifactId>
    <name>ray streaming</name>
    <description>ray streaming</description>

    <packaging>jar</packaging>

    <dependencies>
        <dependency>
            <groupId>org.ray</groupId>
            <artifactId>ray-api</artifactId>
            <version>${project.version}</version>
        </dependency>
        <dependency>
            <groupId>org.ray</groupId>
            <artifactId>ray-runtime</artifactId>
            <version>${project.version}</version>
        </dependency>
{generated_bzl_deps}
    </dependencies>
</project>
