{
    "toolcache": [
        {
            "name": "Ruby",
            "arch": "x64",
            "platform" : "win32",
            "versions": [
                "2.4",
                "2.5",
                "2.6",
                "2.7",
                "3.0"
            ],
            "default": "2.5"
        },
        {
            "name": "Python",
            "url" : "https://raw.githubusercontent.com/actions/python-versions/main/versions-manifest.json",
            "arch": "x64",
            "platform" : "win32",
            "versions": [
                "2.7.*",
                "3.5.*",
                "3.6.*",
                "3.7.*",
                "3.8.*",
                "3.9.*"
            ],
            "default": "3.7.*"
        },
        {
            "name": "Python",
            "url" : "https://raw.githubusercontent.com/actions/python-versions/main/versions-manifest.json",
            "arch": "x86",
            "platform" : "win32",
            "versions": [
                "2.7.*",
                "3.5.*",
                "3.6.*",
                "3.7.*",
                "3.8.*",
                "3.9.*"
            ]
        },
        {
            "name": "PyPy",
            "arch": "x86",
            "platform" : "win64",
            "versions": [
                "2.7",
                "3.6",
                "3.7"
            ]
        },
        {
            "name": "node",
            "url" : "https://raw.githubusercontent.com/actions/node-versions/main/versions-manifest.json",
            "arch": "x64",
            "platform" : "win32",
            "versions": [
                "10.*",
                "12.*",
                "14.*"
            ]
        },
        {
            "name": "go",
            "url" : "https://raw.githubusercontent.com/actions/go-versions/main/versions-manifest.json",
            "arch": "x64",
            "platform" : "win32",
            "versions": [
                "1.13.*",
                "1.14.*",
                "1.15.*",
                "1.16.*"
            ],
            "default": "1.15.*"
        }
    ],
    "powershellModules": [
        {"name": "DockerMsftProvider"},
        {"name": "MarkdownPS"},
        {"name": "Pester"},
        {"name": "PowerShellGet"},
        {"name": "PSScriptAnalyzer"},
        {"name": "PSWindowsUpdate"},
        {"name": "SqlServer"},
        {"name": "VSSetup"}
    ],
    "azureModules": [
        {
            "name": "azurerm",
            "blob_url": "https://vstsagenttools.blob.core.windows.net/tools/azurepowershellmodules/",
            "versions": [
                "2.1.0",
                "6.13.1"
            ],
            "zip_versions": [
                "3.8.0",
                "4.2.1",
                "5.1.1",
                "6.7.0"
            ],
            "default": "2.1.0"
        },
        {
            "name": "azure",
            "blob_url": "https://vstsagenttools.blob.core.windows.net/tools/azurepowershellmodules/",
            "versions": [
                "2.1.0",
                "5.3.0"
            ],
            "zip_versions": [
                "3.8.0",
                "4.2.1",
                "5.1.1"
            ],
            "default": "2.1.0"
        },
        {
            "name": "az",
            "url" : "https://raw.githubusercontent.com/Azure/az-ps-module-versions/main/versions-manifest.json",
            "versions": [
                "5.9.0"
            ],
            "zip_versions": [
                "1.0.0",
                "1.6.0",
                "2.3.2",
                "2.6.0",
                "3.1.0",
                "3.5.0",
                "3.8.0",
                "4.3.0",
                "4.4.0",
                "4.7.0",
                "5.5.0"
            ]
        }
    ],
    "java": {
        "default": "8",
        "versions": [
            "8", "11", "13"
        ]
    },
    "android": {
        "platform_min_version": "19",
        "build_tools_min_version": "19.1.0",
        "extra_list": [
            "android;m2repository",
            "google;m2repository",
            "google;google_play_services",
            "m2repository;com;android;support;constraint;constraint-layout-solver;1.0.2",
            "m2repository;com;android;support;constraint;constraint-layout-solver;1.0.1",
            "m2repository;com;android;support;constraint;constraint-layout;1.0.2",
            "m2repository;com;android;support;constraint;constraint-layout;1.0.1"
        ],
        "addon_list": [
            "addon-google_apis-google-24",
            "addon-google_apis-google-23",
            "addon-google_apis-google-22",
            "addon-google_apis-google-21"
        ],
        "additional_tools": [
            "cmake;3.10.2.4988404",
            "cmake;3.18.1",
            "patcher;v4",
            "cmdline-tools;latest"
        ],
        "ndk": {
            "lts": "21",
            "latest": "22"
        }
    },
    "MsysPackages": {
        "msys2": [
            "base-devel",
            "compression"
        ],
        "mingw": [
            {
                "arch": "mingw-w64-x86_64",
                "runtime_packages": [
                    {
                        "name": "clang",
                        "executables": [
                            "clang",
                            "g++",
                            "gcc"
                        ]
                    },
                    {
                        "name": "cmake",
                        "executables": [
                            "cmake",
                            "cpack",
                            "ctest"
                        ]
                    },
                    {
                        "name": "ragel",
                        "executables": [
                            "ragel"
                        ]
                    }
                ],
                "additional_packages": [
                    "clang-tools-extra",
                    "libxml2",
                    "llvm",
                    "toolchain"
                ]
            },
            {
                "arch": "mingw-w64-i686",
                "runtime_packages": [
                    {
                        "name": "clang",
                        "executables": [
                            "clang",
                            "g++",
                            "gcc"
                        ]
                    },
                    {
                        "name": "cmake",
                        "executables": [
                            "cmake",
                            "cpack",
                            "ctest"
                        ]
                    },
                    {
                        "name": "ragel",
                        "executables": [
                            "ragel"
                        ]
                    }
                ],
                "additional_packages": [
                    "libxml2",
                    "llvm",
                    "toolchain"
                ]
            }
        ]
    },
    "visualStudio": {
        "version" : "2019",
        "subversion" : "16",
        "edition" : "Enterprise",
        "workloads": [
            "Microsoft.VisualStudio.Workload.NativeDesktop"
        ],
        "vsix": [
            "ProBITools.MicrosoftAnalysisServicesModelingProjects",
            "SSIS.SqlServerIntegrationServicesProjects",
            "ProBITools.MicrosoftReportProjectsforVisualStudio",
            "VisualStudioClient.MicrosoftVisualStudio2017InstallerProjects",
            "ms-biztalk.BizTalk"
        ]
    },
    "docker": {
        "images": [
            "mcr.microsoft.com/windows/servercore:ltsc2019",
            "mcr.microsoft.com/windows/nanoserver:1809",
            "mcr.microsoft.com/dotnet/framework/aspnet:4.8-windowsservercore-ltsc2019",
            "mcr.microsoft.com/dotnet/framework/runtime:4.8-windowsservercore-ltsc2019",
            "mcr.microsoft.com/dotnet/framework/sdk:4.8-windowsservercore-ltsc2019"
        ]
    },
    "pipx": [
        {
            "package": "yamllint",
            "cmd": "yamllint --version"
        }
    ],
    "dotnet": {
        "versions": [
            "2.1",
            "3.1",
            "5.0"
        ]
    }
}
