<!DOCTYPE suppressions PUBLIC
"-//Puppy Crawl//DTD Suppressions 1.1//EN"
"http://www.puppycrawl.com/dtds/suppressions_1_1.dtd">

<suppressions>
  <suppress checks="OperatorWrap" files=".*" />
  <suppress checks="JavadocParagraph" files=".*" />
  <suppress checks="SummaryJavadoc" files=".*" />
  <suppress checks="MemberNameCheck" files="PathConfig.java"/>
  <suppress checks="MemberNameCheck" files="RayParameters.java"/>
  <suppress checks="AbbreviationAsWordInNameCheck" files="RayParameters.java"/>
  <suppress checks=".*" files="RayCall.java"/>
  <suppress checks=".*" files="ActorCall.java"/>
  <!-- suppress check for flatbuffer-generated files. -->
  <suppress checks=".*" files="io[\\/]ray[\\/]runtime[\\/]generated[\\/]" />
</suppressions>
