<?xml version="1.0" encoding="UTF-8"?>
{auto_gen_header}
<project xmlns:xsi="http://www.w3.org/2001/XMLSchema-instance"
  xmlns="http://maven.apache.org/POM/4.0.0"
  xsi:schemaLocation="http://maven.apache.org/POM/4.0.0 http://maven.apache.org/maven-v4_0_0.xsd">
  <parent>
    <groupId>io.ray</groupId>
    <artifactId>ray-superpom</artifactId>
    <version>1.1.0-SNAPSHOT</version>
  </parent>
  <modelVersion>4.0.0</modelVersion>

  <artifactId>ray-api</artifactId>
  <name>ray api</name>
  <description>java api for ray</description>

  <packaging>jar</packaging>

  <dependencies>
{generated_bzl_deps}
  </dependencies>
</project>
