<?xml version="1.0" encoding="UTF-8"?>
{auto_gen_header}
<project xmlns:xsi="http://www.w3.org/2001/XMLSchema-instance"
  xmlns="http://maven.apache.org/POM/4.0.0"
  xsi:schemaLocation="http://maven.apache.org/POM/4.0.0 http://maven.apache.org/maven-v4_0_0.xsd">
  <parent>
    <groupId>org.ray</groupId>
    <artifactId>ray-superpom</artifactId>
    <version>0.1-SNAPSHOT</version>
  </parent>
  <modelVersion>4.0.0</modelVersion>

  <artifactId>ray-runtime</artifactId>
  <name>ray runtime</name>
  <description>ray runtime implementation</description>

  <packaging>jar</packaging>

  <dependencies>
    <dependency>
      <groupId>org.ray</groupId>
      <artifactId>ray-api</artifactId>
      <version>${project.version}</version>
    </dependency>
{generated_bzl_deps}
  </dependencies>

  <build>
    <resources>
      <resource>
        <directory>src/main/resources</directory>
      </resource>
      <resource>
        <directory>native_dependencies</directory>
      </resource>
    </resources>
    <plugins>
      <plugin>
        <groupId>org.apache.maven.plugins</groupId>
        <artifactId>maven-dependency-plugin</artifactId>
        <executions>
          <execution>
            <id>copy-dependencies-to-build</id>
            <phase>package</phase>
            <goals>
              <goal>copy-dependencies</goal>
            </goals>
            <configuration>
              <outputDirectory>${basedir}/../../build/java</outputDirectory>
              <overWriteReleases>false</overWriteReleases>
              <overWriteSnapshots>false</overWriteSnapshots>
              <overWriteIfNewer>true</overWriteIfNewer>
            </configuration>
          </execution>
        </executions>
      </plugin>

      <plugin>
        <groupId>org.apache.maven.plugins</groupId>
        <artifactId>maven-jar-plugin</artifactId>
        <version>2.3.1</version>
        <configuration>
          <outputDirectory>${basedir}/../../build/java</outputDirectory>
        </configuration>
      </plugin>
    </plugins>
  </build>

</project>
